Workbook

Sheet Resumen
A1: Matriz de riesgos del proyecto
A2: Proyecto: Desarrollo de un sistema web y móvil para la gestión integral en ICARO CONSTRUCTORES BMGM S.A.S.
A4: Indicador | B4: Valor | D4: Criterio | E4: Descripción
A5: Total de riesgos identificados | B5: =COUNTA(Matriz_Riesgos!A:A)-1 -> 24 | D5: Base de evaluación | E5: Impacto x probabilidad con priorización manual validada
A6: Riesgos prioridad I (crítica) | B6: =COUNTIF(Matriz_Riesgos!N:N,"I") -> 4 | D6: Cobertura | E6: 24 riesgos desde leves hasta críticos
A7: Riesgos prioridad II (alta) | B7: =COUNTIF(Matriz_Riesgos!N:N,"II") -> 12 | D7: Hojas incluidas | E7: Resumen, escalas, matriz, priorización-respuesta y seguimiento
A8: Riesgos prioridad III (moderada) | B8: =COUNTIF(Matriz_Riesgos!N:N,"III") -> 4 | D8: Uso recomendado | E8: Actualizar en cada fase o sprint relevante
A9: Riesgos prioridad IV (baja) | B9: =COUNTIF(Matriz_Riesgos!N:N,"IV") -> 4
A12: Distribución por nivel de exposición | D12: Distribución por estrategia principal
A13: Crítica | B13: =COUNTIF(Matriz_Riesgos!M:M,"Crítica") -> 1 | D13: Mitigación | E13: 23
A14: Alta | B14: =COUNTIF(Matriz_Riesgos!M:M,"Alta") -> 9 | D14: Evitación | E14: 4
A15: Moderada | B15: =COUNTIF(Matriz_Riesgos!M:M,"Moderada") -> 10 | D15: Aceptación | E15: 4
A16: Baja | B16: =COUNTIF(Matriz_Riesgos!M:M,"Baja") -> 4 | D16: Transferencia parcial | E16: 3
D18: Nota | E18: Los conteos por estrategia pueden solaparse cuando una respuesta combina más de una estrategia.
A19: Leyenda de prioridad
A20: Prioridad | B20: Nivel | C20: Interpretación
A21: I | B21: Crítica | C21: Revisión inmediata y seguimiento permanente
A22: II | B22: Alta | C22: Seguimiento cercano y respuesta planificada
A23: III | B23: Moderada | C23: Seguimiento ordinario y medidas preventivas
A24: IV | B24: Baja | C24: Monitoreo básico y respuesta simple

Sheet Escalas
A1: Escalas y catálogos de la matriz de riesgos
A3: Escala de impacto | E3: Escala de probabilidad
A4: Nivel | B4: Puntaje | C4: Descripción | E4: Nivel | F4: Puntaje | G4: Descripción
A5: Leve | B5: 1 | C5: Afecta ajustes puntuales o actividades no críticas. | E5: Baja | F5: 1 | G5: Puede presentarse de forma poco frecuente.
A6: Moderado | B6: 2 | C6: Incide en coordinación, acceso a información o consistencia parcial. | E6: Media | F6: 2 | G6: Puede ocurrir en determinadas fases o bajo ciertas condiciones.
A7: Alto | B7: 3 | C7: Afecta entregables sustantivos o componentes importantes del sistema. | E7: Alta | F7: 3 | G7: Tiene condiciones favorables para ocurrir durante la ejecución.
A8: Crítico | B8: 4 | C8: Puede comprometer objetivos, alcance, tiempo o validaciones clave.
A11: Exposición / nivel resultante | E11: Prioridad y estados
A12: Rango del puntaje | B12: Nivel | C12: Interpretación | E12: Prioridad | F12: Nivel | G12: Tratamiento | H12: Estado sugerido
A13: 10 a 12 | B13: Crítica | C13: Requiere atención inmediata. | E13: I | F13: Crítica | G13: Revisión inmediata y seguimiento permanente | H13: Activo
A14: 7 a 9 | B14: Alta | C14: Requiere seguimiento cercano. | E14: II | F14: Alta | G14: Seguimiento cercano y respuesta planificada | H14: Activo
A15: 4 a 6 | B15: Moderada | C15: Se controla con medidas preventivas. | E15: III | F15: Moderada | G15: Seguimiento ordinario y medidas preventivas | H15: Activo
A16: 1 a 3 | B16: Baja | C16: Monitoreo básico. | E16: IV | F16: Baja | G16: Monitoreo básico y respuesta simple | H16: Activo
A19: Estrategias de respuesta
A20: Estrategia | B20: Uso principal | C20: Referencia
A21: Mitigación | B21: Reducir probabilidad o impacto | C21: Riesgos técnicos, de requisitos, validación y cronograma
A22: Evitación | B22: Modificar decisiones para impedir materialización | C22: Expansión de alcance o rediseños mayores
A23: Aceptación | B23: Asumir y controlar riesgos de menor afectación | C23: Ajustes menores y tareas no críticas
A24: Transferencia parcial | B24: Apoyo en un tercero o medio alterno | C24: Conectividad, respaldo o soporte institucional

Sheet Matriz_Riesgos
A1: Código | B1: Riesgo identificado | C1: Categoría | D1: Fase principal | E1: Objetivo(s) afectado(s) | F1: Impacto resumido | G1: Detonante / señal de alerta | H1: Impacto | I1: Puntaje impacto | J1: Probabilidad | K1: Puntaje probabilidad | L1: Exposición | M1: Nivel exposición | N1: Prioridad | O1: Estrategia principal | P1: Respuesta planificada | Q1: Medida de contingencia | R1: Responsable sugerido | S1: Estado inicial | T1: Observaciones
A2: R1 | B2: Ajustes menores en formularios, campos o etiquetas de interfaz durante el prototipado | C2: Requisitos / diseño | D2: Levantamiento y prototipado | E2: OE1, OE4 | F2: Genera correcciones puntuales de interfaz sin alterar entregables centrales. | G2: Observaciones menores de usuarios sobre texto, campos o secuencia de pantalla. | H2: Leve | I2: =IF(H2="Leve",1,IF(H2="Moderado",2,IF(H2="Alto",3,IF(H2="Crítico",4,"")))) -> 1 | J2: Alta | K2: =IF(J2="Baja",1,IF(J2="Media",2,IF(J2="Alta",3,""))) -> 3 | L2: =I2*K2 -> 3 | M2: =IF(L2>=10,"Crítica",IF(L2>=7,"Alta",IF(L2>=4,"Moderada","Baja"))) -> Baja | N2: IV | O2: Aceptación + mitigación simple | P2: Corregir los ajustes en la siguiente iteración corta de prototipado. | Q2: Reprogramar el ajuste en el siguiente bloque de revisión sin afectar el núcleo funcional. | R2: Equipo del proyecto | S2: Activo
A3: R2 | B3: Revisión adicional de prototipos por observaciones de usuarios | C3: Requisitos / validación | D3: Levantamiento y prototipado | E3: OE1, OE4 | F3: Extiende el tiempo de revisión de pantallas y flujos sin modificar el núcleo del sistema. | G3: Solicitud de nueva ronda de revisión de interfaces o navegación. | H3: Leve | I3: =IF(H3="Leve",1,IF(H3="Moderado",2,IF(H3="Alto",3,IF(H3="Crítico",4,"")))) -> 1 | J3: Media | K3: =IF(J3="Baja",1,IF(J3="Media",2,IF(J3="Alta",3,""))) -> 2 | L3: =I3*K3 -> 2 | M3: =IF(L3>=10,"Crítica",IF(L3>=7,"Alta",IF(L3>=4,"Moderada","Baja"))) -> Baja | N3: IV | O3: Aceptación | P3: Incorporar observaciones menores dentro del ciclo normal de revisión. | Q3: Concentrar cambios en una sola ronda final antes de pasar a desarrollo. | R3: Equipo del proyecto | S3: Activo
A4: R3 | B4: Retrasos puntuales en actividades no críticas de documentación o sistematización | C4: Tiempo / gestión | D4: Documentación y cierre | E4: OE3, OE4 | F4: Desplaza tareas de apoyo sin afectar de inmediato los entregables técnicos principales. | G4: Atraso en actualización de anexos, bitácoras o consolidación de evidencias. | H4: Leve | I4: =IF(H4="Leve",1,IF(H4="Moderado",2,IF(H4="Alto",3,IF(H4="Crítico",4,"")))) -> 1 | J4: Media | K4: =IF(J4="Baja",1,IF(J4="Media",2,IF(J4="Alta",3,""))) -> 2 | L4: =I4*K4 -> 2 | M4: =IF(L4>=10,"Crítica",IF(L4>=7,"Alta",IF(L4>=4,"Moderada","Baja"))) -> Baja | N4: IV | O4: Aceptación + mitigación simple | P4: Reprogramar la actividad documental y mantener prioridad sobre tareas críticas del sistema. | Q4: Concentrar la documentación pendiente al cierre de la fase correspondiente. | R4: Equipo del proyecto | S4: Activo
A5: R4 | B5: Inconsistencias menores en formato de registros o nomenclaturas usadas por distintas áreas | C5: Datos / procesos | D5: Análisis de procesos y datos | E5: OE1, OE2 | F5: Provoca ajustes de normalización y documentación de convenciones. | G5: Diferencias en nombres, abreviaturas o formato entre registros de áreas distintas. | H5: Leve | I5: =IF(H5="Leve",1,IF(H5="Moderado",2,IF(H5="Alto",3,IF(H5="Crítico",4,"")))) -> 1 | J5: Media | K5: =IF(J5="Baja",1,IF(J5="Media",2,IF(J5="Alta",3,""))) -> 2 | L5: =I5*K5 -> 2 | M5: =IF(L5>=10,"Crítica",IF(L5>=7,"Alta",IF(L5>=4,"Moderada","Baja"))) -> Baja | N5: IV | O5: Mitigación | P5: Unificar convenciones de nomenclatura en fases tempranas de modelado y análisis. | Q5: Aplicar tabla de homologación temporal mientras se define el estándar definitivo. | R5: Equipo del proyecto | S5: Activo
A6: R5 | B6: Demoras en coordinación para entrevistas o reuniones con actores clave | C6: Recursos / coordinación | D6: Levantamiento de información | E6: OE1 | F6: Reduce la velocidad de levantamiento y puede desplazar actividades dependientes. | G6: Reprogramaciones frecuentes o baja disponibilidad para reuniones definidas. | H6: Moderado | I6: =IF(H6="Leve",1,IF(H6="Moderado",2,IF(H6="Alto",3,IF(H6="Crítico",4,"")))) -> 2 | J6: Media | K6: =IF(J6="Baja",1,IF(J6="Media",2,IF(J6="Alta",3,""))) -> 2 | L6: =I6*K6 -> 4 | M6: =IF(L6>=10,"Crítica",IF(L6>=7,"Alta",IF(L6>=4,"Moderada","Baja"))) -> Moderada | N6: III | O6: Mitigación + aceptación controlada | P6: Definir agenda con anticipación, confirmar sesiones y prever horarios alternativos. | Q6: Reprogramar de forma acotada y priorizar a los actores imprescindibles para el avance. | R6: Equipo del proyecto / usuarios clave | S6: Activo
A7: R6 | B7: Conectividad inestable para acceso a repositorios, herramientas o servicios de apoyo | C7: Recursos / infraestructura | D7: Implementación incremental | E7: OE2, OE3, OE4 | F7: Afecta sincronización, acceso a herramientas y continuidad de ciertas tareas técnicas. | G7: Interrupciones de internet o fallas recurrentes en acceso a servicios en línea. | H7: Moderado | I7: =IF(H7="Leve",1,IF(H7="Moderado",2,IF(H7="Alto",3,IF(H7="Crítico",4,"")))) -> 2 | J7: Media | K7: =IF(J7="Baja",1,IF(J7="Media",2,IF(J7="Alta",3,""))) -> 2 | L7: =I7*K7 -> 4 | M7: =IF(L7>=10,"Crítica",IF(L7>=7,"Alta",IF(L7>=4,"Moderada","Baja"))) -> Moderada | N7: III | O7: Mitigación + transferencia parcial | P7: Contar con conexión alterna, trabajo local y respaldo de archivos fuera de línea. | Q7: Migrar temporalmente a una red secundaria o reordenar tareas para trabajo local. | R7: Equipo del proyecto | S7: Activo
A8: R7 | B8: Acceso parcial o tardío a formatos, registros y documentación institucional | C8: Recursos / información | D8: Levantamiento y análisis | E8: OE1, OE2 | F8: Limita comprensión del proceso actual y puede afectar requisitos o modelado de datos. | G8: Falta de entrega o entrega incompleta de formularios, registros o documentos de referencia. | H8: Moderado | I8: =IF(H8="Leve",1,IF(H8="Moderado",2,IF(H8="Alto",3,IF(H8="Crítico",4,"")))) -> 2 | J8: Media | K8: =IF(J8="Baja",1,IF(J8="Media",2,IF(J8="Alta",3,""))) -> 2 | L8: =I8*K8 -> 4 | M8: =IF(L8>=10,"Crítica",IF(L8>=7,"Alta",IF(L8>=4,"Moderada","Baja"))) -> Moderada | N8: III | O8: Mitigación + transferencia parcial | P8: Solicitar insumos con anticipación y priorizar documentos críticos para análisis y diseño. | Q8: Trabajar con muestras disponibles y documentar la limitación en el análisis. | R8: Empresa / equipo del proyecto | S8: Activo
A9: R8 | B9: Limitada disponibilidad de usuarios administrativos para revisión de prototipos y pruebas | C9: Recursos humanos / validación | D9: Validación funcional y usabilidad | E9: OE1, OE4 | F9: Reduce la calidad de la validación y puede demorar decisiones sobre ajustes funcionales. | G9: Baja asistencia a sesiones de validación o dificultad para cerrar fechas de prueba. | H9: Alto | I9: =IF(H9="Leve",1,IF(H9="Moderado",2,IF(H9="Alto",3,IF(H9="Crítico",4,"")))) -> 3 | J9: Alta | K9: =IF(J9="Baja",1,IF(J9="Media",2,IF(J9="Alta",3,""))) -> 3 | L9: =I9*K9 -> 9 | M9: =IF(L9>=10,"Crítica",IF(L9>=7,"Alta",IF(L9>=4,"Moderada","Baja"))) -> Alta | N9: II | O9: Mitigación | P9: Planificar sesiones con anticipación y concentrar validaciones en hitos clave del proyecto. | Q9: Realizar sesiones focalizadas con menor número de usuarios representativos. | R9: Equipo del proyecto / usuarios clave | S9: Activo
A10: R9 | B10: Diferencias entre prácticas reales de la empresa y procedimientos documentados | C10: Procesos / análisis | D10: Levantamiento y análisis | E10: OE1, OE2 | F10: Puede generar requisitos incompletos o modelos de proceso poco ajustados a la realidad operativa. | G10: Contradicciones entre observación, entrevista y documentos institucionales. | H10: Moderado | I10: =IF(H10="Leve",1,IF(H10="Moderado",2,IF(H10="Alto",3,IF(H10="Crítico",4,"")))) -> 2 | J10: Media | K10: =IF(J10="Baja",1,IF(J10="Media",2,IF(J10="Alta",3,""))) -> 2 | L10: =I10*K10 -> 4 | M10: =IF(L10>=10,"Crítica",IF(L10>=7,"Alta",IF(L10>=4,"Moderada","Baja"))) -> Moderada | N10: III | O10: Mitigación | P10: Contrastar entrevistas, observación directa y documentación antes de consolidar procesos AS-IS y TO-BE. | Q10: Validar el flujo conflictivo con un responsable funcional antes de continuar el diseño. | R10: Equipo del proyecto | S10: Activo
A11: R10 | B11: Definición incompleta de requisitos funcionales y no funcionales | C11: Requisitos | D11: Levantamiento y análisis | E11: OE1, OE2, OE3 | F11: Afecta análisis, diseño, desarrollo y pruebas al dejar ambigüedades en el sistema requerido. | G11: Historias de usuario ambiguas, criterios de aceptación incompletos o dudas recurrentes del equipo. | H11: Alto | I11: =IF(H11="Leve",1,IF(H11="Moderado",2,IF(H11="Alto",3,IF(H11="Crítico",4,"")))) -> 3 | J11: Alta | K11: =IF(J11="Baja",1,IF(J11="Media",2,IF(J11="Alta",3,""))) -> 3 | L11: =I11*K11 -> 9 | M11: =IF(L11>=10,"Crítica",IF(L11>=7,"Alta",IF(L11>=4,"Moderada","Baja"))) -> Alta | N11: II | O11: Mitigación | P11: Aplicar entrevistas, observación, revisión documental y validación temprana de historias de usuario. | Q11: Congelar requisitos esenciales y trasladar requerimientos no clarificados a revisión posterior. | R11: Equipo del proyecto / usuarios clave | S11: Activo
A12: R11 | B12: Cambios en requerimientos durante el levantamiento o durante la implementación incremental | C12: Requisitos / alcance | D12: Transversal | E12: OE1, OE3, OE4 | F12: Puede ampliar el alcance, reabrir decisiones y desplazar actividades o entregables. | G12: Nuevas solicitudes funcionales o redefinición de prioridades después de aprobaciones previas. | H12: Alto | I12: =IF(H12="Leve",1,IF(H12="Moderado",2,IF(H12="Alto",3,IF(H12="Crítico",4,"")))) -> 3 | J12: Alta | K12: =IF(J12="Baja",1,IF(J12="Media",2,IF(J12="Alta",3,""))) -> 3 | L12: =I12*K12 -> 9 | M12: =IF(L12>=10,"Crítica",IF(L12>=7,"Alta",IF(L12>=4,"Moderada","Baja"))) -> Alta | N12: II | O12: Mitigación + evitación | P12: Aplicar control de cambios, priorización MoSCoW y separar requerimientos de esta fase y fases futuras. | Q12: Registrar el cambio como trabajo futuro si compromete alcance, tiempo o validación de la fase actual. | R12: Equipo del proyecto / interesados | S12: Activo
A13: R12 | B13: Priorización insuficiente de funcionalidades dentro del backlog del proyecto | C13: Gestión / alcance | D13: Planificación e implementación | E13: OE3 | F13: Puede afectar el orden de construcción e invertir esfuerzo en funcionalidades no críticas. | G13: Backlog sin jerarquización clara por valor, dependencia o riesgo. | H13: Alto | I13: =IF(H13="Leve",1,IF(H13="Moderado",2,IF(H13="Alto",3,IF(H13="Crítico",4,"")))) -> 3 | J13: Media | K13: =IF(J13="Baja",1,IF(J13="Media",2,IF(J13="Alta",3,""))) -> 2 | L13: =I13*K13 -> 6 | M13: =IF(L13>=10,"Crítica",IF(L13>=7,"Alta",IF(L13>=4,"Moderada","Baja"))) -> Moderada | N13: II | O13: Mitigación | P13: Revisar backlog por iteración y ordenar funcionalidades por dependencia, valor y criticidad. | Q13: Repriorizar antes de cada sprint y concentrarse en el mínimo producto viable de la fase. | R13: Equipo del proyecto | S13: Activo
... A25: R24 | B25: Afectación transversal de objetivos por acumulación de cambios en requisitos, retrasos y baja validación | C25: Alcance / tiempo / calidad | D25: Transversal | E25: OE1, OE2, OE3, OE4 | F25: Puede comprometer simultáneamente alcance, tiempo, calidad y cierre metodológico del proyecto. | G25: Coincidencia de cambios de alcance, retrasos reiterados y falta de validaciones oportunas. | H25: Crítico | I25: =IF(H25="Leve",1,IF(H25="Moderado",2,IF(H25="Alto",3,IF(H25="Crítico",4,"")))) -> 4 | J25: Media | K25: =IF(J25="Baja",1,IF(J25="Media",2,IF(J25="Alta",3,""))) -> 2 | L25: =I25*K25 -> 8 | M25: =IF(L25>=10,"Crítica",IF(L25>=7,"Alta",IF(L25>=4,"Moderada","Baja"))) -> Alta | N25: I | O25: Mitigación + evitación | P25: Revisar riesgos en cada sprint, limitar ampliaciones de alcance y concentrar recursos en entregables críticos. | Q25: Reordenar el proyecto alrededor del producto mínimo viable y reducir frentes simultáneos de trabajo. | R25: Equipo del proyecto | S25: Activo

Sheet Respuesta_Priorizada
A1: Código | B1: Prioridad | C1: Riesgo priorizado | D1: Estrategia principal | E1: Acción preventiva / de respuesta | F1: Medida de contingencia | G1: Responsable sugerido | H1: Señal de activación
A2: R8 | B2: II | C2: Limitada disponibilidad de usuarios administrativos para revisión de prototipos y pruebas | D2: Mitigación | E2: Planificar sesiones con anticipación y concentrar validaciones en hitos clave del proyecto. | F2: Realizar sesiones focalizadas con menor número de usuarios representativos. | G2: Equipo del proyecto / usuarios clave | H2: Baja asistencia a sesiones de validación o dificultad para cerrar fechas de prueba.
A3: R10 | B3: II | C3: Definición incompleta de requisitos funcionales y no funcionales | D3: Mitigación | E3: Aplicar entrevistas, observación, revisión documental y validación temprana de historias de usuario. | F3: Congelar requisitos esenciales y trasladar requerimientos no clarificados a revisión posterior. | G3: Equipo del proyecto / usuarios clave | H3: Historias de usuario ambiguas, criterios de aceptación incompletos o dudas recurrentes del equipo.
A4: R11 | B4: II | C4: Cambios en requerimientos durante el levantamiento o durante la implementación incremental | D4: Mitigación + evitación | E4: Aplicar control de cambios, priorización MoSCoW y separar requerimientos de esta fase y fases futuras. | F4: Registrar el cambio como trabajo futuro si compromete alcance, tiempo o validación de la fase actual. | G4: Equipo del proyecto / interesados | H4: Nuevas solicitudes funcionales o redefinición de prioridades después de aprobaciones previas.
A5: R12 | B5: II | C5: Priorización insuficiente de funcionalidades dentro del backlog del proyecto | D5: Mitigación | E5: Revisar backlog por iteración y ordenar funcionalidades por dependencia, valor y criticidad. | F5: Repriorizar antes de cada sprint y concentrarse en el mínimo producto viable de la fase. | G5: Equipo del proyecto | H5: Backlog sin jerarquización clara por valor, dependencia o riesgo.
A6: R13 | B6: II | C6: Dificultades en la integración de los módulos técnico, administrativo y contable | D6: Mitigación | E6: Definir contratos de integración con anticipación y ejecutar pruebas parciales por componente. | F6: Aislar temporalmente el módulo conflictivo y corregir interfaces antes de reintegrarlo. | G6: Equipo del proyecto | H6: Errores en consumo de API, incompatibilidades entre módulos o defectos de flujo intermodular.
A7: R14 | B7: II | C7: Inconsistencias en persistencia, integridad o trazabilidad de datos entre módulos | D7: Mitigación | E7: Normalizar estructuras de datos, validar relaciones y ejecutar pruebas de integridad en cada módulo. | F7: Aplicar corrección de esquema y scripts de saneamiento sobre datos de prueba antes de liberar. | G7: Equipo del proyecto | H7: Duplicados, relaciones incompletas, restricciones mal definidas o registros sin trazabilidad suficiente.
A8: R15 | B8: II | C8: Retrasos acumulados en cronograma por iteraciones adicionales, correcciones o validaciones repetidas | D8: Mitigación | E8: Realizar seguimiento por sprint, ajustar tareas no críticas y proteger hitos de validación. | F8: Reprogramar actividades secundarias y priorizar entregables esenciales del alcance aprobado. | G8: Equipo del proyecto | H8: Cierre incompleto de actividades por sprint o replanificaciones frecuentes.
A9: R16 | B9: II | C9: Problemas en control de versiones, ramas o sincronización del desarrollo | D9: Mitigación | E9: Definir reglas de trabajo con ramas, frecuencia de integración y respaldo del repositorio. | F9: Congelar temporalmente nuevas integraciones y resolver conflictos antes de continuar. | G9: Equipo del proyecto | H9: Conflictos frecuentes de merge, ramas desalineadas o falta de actualización del repositorio.
A10: R17 | B10: II | C10: Fallos en prácticas de integración y despliegue continuo (CI/CD) | D10: Mitigación | E10: Configurar automatizaciones de forma gradual y mantener pruebas previas a cada despliegue. | F10: Ejecutar despliegues controlados y validaciones manuales mientras se corrige el pipeline. | G10: Equipo del proyecto | H10: Pipelines fallidos, scripts incompletos o ejecuciones inconsistentes de pruebas automáticas.
A11: R18 | B11: II | C11: Participación insuficiente de usuarios clave en pruebas de usabilidad y validación funcional | D11: Mitigación | E11: Coordinar con usuarios desde fases tempranas y simplificar instrumentos de validación. | F11: Ejecutar validaciones focalizadas con usuarios representativos disponibles y documentar la limitación. | G11: Equipo del proyecto / usuarios clave | H11: Ausencia o participación mínima de usuarios convocados a pruebas y revisión heurística.
A12: R19 | B12: II | C12: Insuficiencia de evidencias para evaluar usabilidad, fiabilidad y desempeño del sistema | D12: Mitigación | E12: Registrar resultados de pruebas, capturas, listas de chequeo y evidencias de observación del uso. | F12: Repetir pruebas esenciales y consolidar evidencias mínimas para la evaluación final. | G12: Equipo del proyecto | H12: Falta de registros de prueba, métricas, capturas o resultados sistematizados.
... A17: R24 | B17: I | C17: Afectación transversal de objetivos por acumulación de cambios en requisitos, retrasos y baja validación | D17: Mitigación + evitación | E17: Revisar riesgos en cada sprint, limitar ampliaciones de alcance y concentrar recursos en entregables críticos. | F17: Reordenar el proyecto alrededor del producto mínimo viable y reducir frentes simultáneos de trabajo. | G17: Equipo del proyecto | H17: Coincidencia de cambios de alcance, retrasos reiterados y falta de validaciones oportunas.

Sheet Seguimiento
A1: Fecha de revisión | B1: Código del riesgo | C1: Riesgo | D1: Fase / sprint | E1: Prob. anterior | F1: Prob. nueva | G1: Impacto anterior | H1: Impacto nuevo | I1: Nivel anterior | J1: Nivel nuevo | K1: Acción ejecutada | L1: Resultado observado | M1: Estado actualizado | N1: Próxima revisión | O1: Observaciones
B2: R1 | C2: Ajustes menores en formularios, campos o etiquetas de interfaz durante el prototipado | D2: Levantamiento y prototipado | E2: Alta | G2: Leve | I2: IV | M2: Activo
B3: R2 | C3: Revisión adicional de prototipos por observaciones de usuarios | D3: Levantamiento y prototipado | E3: Media | G3: Leve | I3: IV | M3: Activo
B4: R3 | C4: Retrasos puntuales en actividades no críticas de documentación o sistematización | D4: Documentación y cierre | E4: Media | G4: Leve | I4: IV | M4: Activo
B5: R4 | C5: Inconsistencias menores en formato de registros o nomenclaturas usadas por distintas áreas | D5: Análisis de procesos y datos | E5: Media | G5: Leve | I5: IV | M5: Activo
B6: R5 | C6: Demoras en coordinación para entrevistas o reuniones con actores clave | D6: Levantamiento de información | E6: Media | G6: Moderado | I6: III | M6: Activo
B7: R6 | C7: Conectividad inestable para acceso a repositorios, herramientas o servicios de apoyo | D7: Implementación incremental | E7: Media | G7: Moderado | I7: III | M7: Activo
B8: R7 | C8: Acceso parcial o tardío a formatos, registros y documentación institucional | D8: Levantamiento y análisis | E8: Media | G8: Moderado | I8: III | M8: Activo
B9: R8 | C9: Limitada disponibilidad de usuarios administrativos para revisión de prototipos y pruebas | D9: Validación funcional y usabilidad | E9: Alta | G9: Alto | I9: II | M9: Activo
B10: R9 | C10: Diferencias entre prácticas reales de la empresa y procedimientos documentados | D10: Levantamiento y análisis | E10: Media | G10: Moderado | I10: III | M10: Activo
B11: R10 | C11: Definición incompleta de requisitos funcionales y no funcionales | D11: Levantamiento y análisis | E11: Alta | G11: Alto | I11: II | M11: Activo
B12: R11 | C12: Cambios en requerimientos durante el levantamiento o durante la implementación incremental | D12: Transversal | E12: Alta | G12: Alto | I12: II | M12: Activo
B13: R12 | C13: Priorización insuficiente de funcionalidades dentro del backlog del proyecto | D13: Planificación e implementación | E13: Media | G13: Alto | I13: II | M13: Activo
... B25: R24 | C25: Afectación transversal de objetivos por acumulación de cambios en requisitos, retrasos y baja validación | D25: Transversal | E25: Media | G25: Crítico | I25: I | M25: Activo
